"cts","date","GPS (Lat.) [deg]","GPS (Long.) [deg]","GPS (Alt.) [m]","GPS (2D speed) [m/s]","GPS (3D speed) [m/s]","fix","precision"
0.000000, 2025-11-10T01:47:51.899Z, 42.291754, -71.262334, 242.158000, 0.317000, 0.370000, 3, 3950
55.611111, 2025-11-10T01:47:51.954Z, 42.291752, -71.262334, 242.727000, 0.319000, 0.320000, 3, 3950
111.222222, 2025-11-10T01:47:52.010Z, 42.291750, -71.262334, 243.362000, 0.245000, 0.320000, 3, 3950
166.833333, 2025-11-10T01:47:52.065Z, 42.291748, -71.262334, 243.978000, 0.230000, 0.240000, 3, 3950
222.444444, 2025-11-10T01:47:52.121Z, 42.291746, -71.262334, 244.605000, 0.248000, 0.230000, 3, 3950
278.055556, 2025-11-10T01:47:52.177Z, 42.291744, -71.262334, 245.333000, 0.258000, 0.250000, 3, 3950
333.666667, 2025-11-10T01:47:52.232Z, 42.291742, -71.262334, 246.054000, 0.230000, 0.260000, 3, 3950
389.277778, 2025-11-10T01:47:52.288Z, 42.291739, -71.262334, 246.846000, 0.225000, 0.230000, 3, 3950
444.888889, 2025-11-10T01:47:52.343Z, 42.291737, -71.262334, 247.551000, 0.210000, 0.230000, 3, 3950
500.500000, 2025-11-10T01:47:52.399Z, 42.291736, -71.262334, 248.066000, 0.209000, 0.210000, 3, 3950
556.111111, 2025-11-10T01:47:52.455Z, 42.291734, -71.262334, 248.743000, 0.200000, 0.210000, 3, 3950
611.722222, 2025-11-10T01:47:52.510Z, 42.291732, -71.262335, 249.305000, 0.186000, 0.200000, 3, 3950
667.333333, 2025-11-10T01:47:52.566Z, 42.291731, -71.262335, 249.868000, 0.178000, 0.190000, 3, 3950
722.944444, 2025-11-10T01:47:52.621Z, 42.291729, -71.262336, 250.442000, 0.175000, 0.180000, 3, 3950
778.555556, 2025-11-10T01:47:52.677Z, 42.291728, -71.262336, 251.088000, 0.165000, 0.170000, 3, 3950
834.166667, 2025-11-10T01:47:52.733Z, 42.291726, -71.262337, 251.770000, 0.157000, 0.170000, 3, 3950
889.777778, 2025-11-10T01:47:52.788Z, 42.291724, -71.262337, 252.455000, 0.147000, 0.160000, 3, 3950
945.388889, 2025-11-10T01:47:52.844Z, 42.291722, -71.262338, 253.162000, 0.114000, 0.150000, 3, 3950
1001.000000, 2025-11-10T01:47:54.264Z, 42.291720, -71.262339, 253.872000, 0.134000, 0.110000, 3, 339
1056.611111, 2025-11-10T01:47:54.319Z, 42.291719, -71.262339, 254.565000, 0.146000, 0.130000, 3, 339
1112.222222, 2025-11-10T01:47:54.375Z, 42.291717, -71.262340, 255.251000, 0.113000, 0.150000, 3, 339
1167.833333, 2025-11-10T01:47:54.430Z, 42.291715, -71.262341, 255.937000, 0.125000, 0.110000, 3, 339
1223.444444, 2025-11-10T01:47:54.486Z, 42.291713, -71.262342, 256.636000, 0.098000, 0.130000, 3, 339
1279.055556, 2025-11-10T01:47:54.542Z, 42.291712, -71.262342, 257.111000, 0.112000, 0.100000, 3, 339
1334.666667, 2025-11-10T01:47:54.597Z, 42.291711, -71.262343, 257.585000, 0.115000, 0.110000, 3, 339
1390.277778, 2025-11-10T01:47:54.653Z, 42.291710, -71.262344, 258.035000, 0.135000, 0.110000, 3, 339
1445.888889, 2025-11-10T01:47:54.708Z, 42.291709, -71.262344, 258.417000, 0.100000, 0.130000, 3, 339
1501.500000, 2025-11-10T01:47:54.764Z, 42.292031, -71.262339, 159.577000, 0.141000, 0.100000, 3, 339
1557.111111, 2025-11-10T01:47:54.820Z, 42.292134, -71.262338, 128.181000, 0.218000, 0.140000, 3, 339
1612.722222, 2025-11-10T01:47:54.875Z, 42.292184, -71.262338, 112.829000, 0.375000, 0.220000, 3, 339
1668.333333, 2025-11-10T01:47:54.931Z, 42.292213, -71.262338, 103.767000, 0.271000, 0.370000, 3, 339
1723.944444, 2025-11-10T01:47:54.986Z, 42.292233, -71.262338, 97.715000, 0.122000, 0.270000, 3, 339
1779.555556, 2025-11-10T01:47:55.042Z, 42.292248, -71.262340, 93.376000, 0.256000, 0.120000, 3, 339
1835.166667, 2025-11-10T01:47:55.098Z, 42.292260, -71.262343, 90.138000, 0.525000, 0.260000, 3, 339
1890.777778, 2025-11-10T01:47:55.153Z, 42.292268, -71.262344, 87.634000, 0.637000, 0.520000, 3, 339
1946.388889, 2025-11-10T01:47:55.209Z, 42.292276, -71.262345, 85.618000, 0.544000, 0.640000, 3, 339
2002.000000, 2025-11-10T01:47:55.254Z, 42.292282, -71.262346, 83.962000, 0.451000, 0.540000, 3, 339
2057.611111, 2025-11-10T01:47:55.309Z, 42.292287, -71.262347, 82.573000, 0.392000, 0.450000, 3, 339
2113.222222, 2025-11-10T01:47:55.365Z, 42.292294, -71.262351, 80.958000, 0.550000, 0.390000, 3, 339
2168.833333, 2025-11-10T01:47:55.420Z, 42.292301, -71.262354, 79.589000, 0.502000, 0.550000, 3, 339
2224.444444, 2025-11-10T01:47:55.476Z, 42.292306, -71.262357, 78.384000, 0.459000, 0.500000, 3, 339
2280.055556, 2025-11-10T01:47:55.532Z, 42.292311, -71.262360, 77.317000, 0.565000, 0.460000, 3, 339
2335.666667, 2025-11-10T01:47:55.587Z, 42.292316, -71.262363, 76.369000, 0.598000, 0.560000, 3, 339
2391.277778, 2025-11-10T01:47:55.643Z, 42.292320, -71.262366, 75.514000, 0.649000, 0.600000, 3, 339
2446.888889, 2025-11-10T01:47:55.698Z, 42.292324, -71.262368, 74.728000, 0.707000, 0.650000, 3, 339
2502.500000, 2025-11-10T01:47:55.754Z, 42.292328, -71.262371, 74.020000, 0.666000, 0.710000, 3, 339
2558.111111, 2025-11-10T01:47:55.810Z, 42.292331, -71.262374, 73.480000, 0.730000, 0.670000, 3, 339
2613.722222, 2025-11-10T01:47:55.865Z, 42.292333, -71.262376, 72.984000, 0.849000, 0.730000, 3, 339
2669.333333, 2025-11-10T01:47:55.921Z, 42.292336, -71.262378, 72.518000, 0.828000, 0.850000, 3, 339
2724.944444, 2025-11-10T01:47:55.976Z, 42.292338, -71.262381, 72.073000, 0.827000, 0.830000, 3, 339
2780.555556, 2025-11-10T01:47:56.032Z, 42.292341, -71.262383, 71.644000, 0.780000, 0.830000, 3, 339
2836.166667, 2025-11-10T01:47:56.088Z, 42.292342, -71.262384, 71.244000, 0.881000, 0.780000, 3, 339
2891.777778, 2025-11-10T01:47:56.143Z, 42.292344, -71.262386, 70.871000, 0.950000, 0.880000, 3, 339
2947.388889, 2025-11-10T01:47:56.199Z, 42.292346, -71.262387, 70.517000, 0.868000, 0.950000, 3, 339
3003.000000, 2025-11-10T01:47:56.299Z, 42.292347, -71.262389, 70.174000, 0.863000, 0.870000, 3, 338
3058.611111, 2025-11-10T01:47:56.354Z, 42.292349, -71.262390, 69.854000, 0.857000, 0.860000, 3, 338
3114.222222, 2025-11-10T01:47:56.410Z, 42.292351, -71.262392, 69.543000, 0.915000, 0.860000, 3, 338
3169.833333, 2025-11-10T01:47:56.465Z, 42.292352, -71.262394, 69.247000, 0.951000, 0.910000, 3, 338
3225.444444, 2025-11-10T01:47:56.521Z, 42.292353, -71.262395, 68.920000, 1.017000, 0.950000, 3, 338
3281.055556, 2025-11-10T01:47:56.577Z, 42.292355, -71.262397, 68.600000, 1.056000, 1.020000, 3, 338
3336.666667, 2025-11-10T01:47:56.632Z, 42.292356, -71.262398, 68.294000, 1.042000, 1.060000, 3, 338
3392.277778, 2025-11-10T01:47:56.688Z, 42.292357, -71.262399, 68.075000, 1.086000, 1.040000, 3, 338
3447.888889, 2025-11-10T01:47:56.743Z, 42.292357, -71.262400, 67.910000, 1.081000, 1.090000, 3, 338
3503.500000, 2025-11-10T01:47:56.799Z, 42.292358, -71.262400, 67.723000, 1.134000, 1.080000, 3, 338
3559.111111, 2025-11-10T01:47:56.855Z, 42.292359, -71.262402, 67.540000, 1.058000, 1.130000, 3, 338
3614.722222, 2025-11-10T01:47:56.910Z, 42.292359, -71.262403, 67.383000, 1.106000, 1.060000, 3, 338
3670.333333, 2025-11-10T01:47:56.966Z, 42.292360, -71.262405, 67.261000, 1.261000, 1.110000, 3, 338
3725.944444, 2025-11-10T01:47:57.021Z, 42.292361, -71.262407, 67.147000, 1.234000, 1.260000, 3, 338
3781.555556, 2025-11-10T01:47:57.077Z, 42.292361, -71.262409, 67.009000, 1.228000, 1.230000, 3, 338
3837.166667, 2025-11-10T01:47:57.133Z, 42.292362, -71.262410, 66.864000, 1.276000, 1.230000, 3, 338
3892.777778, 2025-11-10T01:47:57.188Z, 42.292362, -71.262411, 66.722000, 1.355000, 1.280000, 3, 338
3948.388889, 2025-11-10T01:47:57.244Z, 42.292362, -71.262412, 66.583000, 1.379000, 1.350000, 3, 338
4004.000000, 2025-11-10T01:47:57.289Z, 42.292363, -71.262414, 66.457000, 1.444000, 1.380000, 3, 338
4056.684211, 2025-11-10T01:47:57.341Z, 42.292363, -71.262415, 66.267000, 1.353000, 1.440000, 3, 338
4109.368421, 2025-11-10T01:47:57.394Z, 42.292365, -71.262417, 66.088000, 1.220000, 1.350000, 3, 338
4162.052632, 2025-11-10T01:47:57.447Z, 42.292366, -71.262419, 65.927000, 0.965000, 1.220000, 3, 338
4214.736842, 2025-11-10T01:47:57.499Z, 42.292367, -71.262420, 65.749000, 0.980000, 0.960000, 3, 338
4267.421053, 2025-11-10T01:47:57.552Z, 42.292368, -71.262422, 65.522000, 1.023000, 0.980000, 3, 338
4320.105263, 2025-11-10T01:47:57.605Z, 42.292369, -71.262424, 65.318000, 1.059000, 1.020000, 3, 338
4372.789474, 2025-11-10T01:47:57.657Z, 42.292370, -71.262425, 65.116000, 1.202000, 1.060000, 3, 338
4425.473684, 2025-11-10T01:47:57.710Z, 42.292371, -71.262427, 64.939000, 1.301000, 1.200000, 3, 338
4478.157895, 2025-11-10T01:47:57.763Z, 42.292372, -71.262429, 64.783000, 1.456000, 1.300000, 3, 338
4530.842105, 2025-11-10T01:47:57.815Z, 42.292372, -71.262431, 64.633000, 1.502000, 1.460000, 3, 338
4583.526316, 2025-11-10T01:47:57.868Z, 42.292373, -71.262433, 64.520000, 1.553000, 1.500000, 3, 338
4636.210526, 2025-11-10T01:47:57.921Z, 42.292373, -71.262435, 64.385000, 1.659000, 1.550000, 3, 338
4688.894737, 2025-11-10T01:47:57.973Z, 42.292374, -71.262437, 64.284000, 1.753000, 1.660000, 3, 338
4741.578947, 2025-11-10T01:47:58.026Z, 42.292374, -71.262438, 64.186000, 1.695000, 1.750000, 3, 338
4794.263158, 2025-11-10T01:47:58.079Z, 42.292374, -71.262440, 64.109000, 1.913000, 1.700000, 3, 338
4846.947368, 2025-11-10T01:47:58.131Z, 42.292374, -71.262442, 64.010000, 1.911000, 1.910000, 3, 338
4899.631579, 2025-11-10T01:47:58.184Z, 42.292374, -71.262444, 63.898000, 1.982000, 1.910000, 3, 338
4952.315789, 2025-11-10T01:47:58.237Z, 42.292375, -71.262446, 63.813000, 1.983000, 1.980000, 3, 338
5005.000000, 2025-11-10T01:47:58.279Z, 42.292375, -71.262447, 63.733000, 1.902000, 1.980000, 3, 344
5063.882353, 2025-11-10T01:47:58.337Z, 42.292375, -71.262449, 63.626000, 1.934000, 1.900000, 3, 344
5122.764706, 2025-11-10T01:47:58.396Z, 42.292375, -71.262451, 63.560000, 1.866000, 1.930000, 3, 344
5181.647059, 2025-11-10T01:47:58.455Z, 42.292375, -71.262452, 63.491000, 1.835000, 1.870000, 3, 344
5240.529412, 2025-11-10T01:47:58.514Z, 42.292375, -71.262454, 63.379000, 1.849000, 1.840000, 3, 344
5299.411765, 2025-11-10T01:47:58.573Z, 42.292375, -71.262455, 63.275000, 1.961000, 1.850000, 3, 344
5358.294118, 2025-11-10T01:47:58.632Z, 42.292376, -71.262457, 63.170000, 1.985000, 1.960000, 3, 344
5417.176471, 2025-11-10T01:47:58.691Z, 42.292375, -71.262459, 63.076000, 2.072000, 1.980000, 3, 344
5476.058824, 2025-11-10T01:47:58.750Z, 42.292375, -71.262461, 62.947000, 2.113000, 2.070000, 3, 344
5534.941176, 2025-11-10T01:47:58.808Z, 42.292376, -71.262462, 62.869000, 2.108000, 2.110000, 3, 344
5593.823529, 2025-11-10T01:47:58.867Z, 42.292376, -71.262464, 62.810000, 2.058000, 2.110000, 3, 344
5652.705882, 2025-11-10T01:47:58.926Z, 42.292376, -71.262466, 62.687000, 2.046000, 2.060000, 3, 344
5711.588235, 2025-11-10T01:47:58.985Z, 42.292376, -71.262467, 62.582000, 1.987000, 2.050000, 3, 344
5770.470588, 2025-11-10T01:47:59.044Z, 42.292376, -71.262469, 62.514000, 1.950000, 1.990000, 3, 344
5829.352941, 2025-11-10T01:47:59.103Z, 42.292377, -71.262471, 62.385000, 1.926000, 1.950000, 3, 344
5888.235294, 2025-11-10T01:47:59.162Z, 42.292376, -71.262473, 62.323000, 1.877000, 1.930000, 3, 344
5947.117647, 2025-11-10T01:47:59.221Z, 42.292376, -71.262474, 62.299000, 1.797000, 1.880000, 3, 344
6006.000000, 2025-11-10T01:47:59.269Z, 42.292376, -71.262476, 62.265000, 1.869000, 1.800000, 3, 344
6058.684211, 2025-11-10T01:47:59.321Z, 42.292376, -71.262477, 62.199000, 1.798000, 1.870000, 3, 344
6111.368421, 2025-11-10T01:47:59.374Z, 42.292376, -71.262479, 62.173000, 1.957000, 1.800000, 3, 344
6164.052632, 2025-11-10T01:47:59.427Z, 42.292375, -71.262480, 62.178000, 2.033000, 1.960000, 3, 344
6216.736842, 2025-11-10T01:47:59.479Z, 42.292374, -71.262482, 62.235000, 2.040000, 2.030000, 3, 344
6269.421053, 2025-11-10T01:47:59.532Z, 42.292374, -71.262483, 62.300000, 1.960000, 2.040000, 3, 344
6322.105263, 2025-11-10T01:47:59.585Z, 42.292373, -71.262484, 62.386000, 2.057000, 1.960000, 3, 344
6374.789474, 2025-11-10T01:47:59.637Z, 42.292372, -71.262486, 62.519000, 2.155000, 2.060000, 3, 344
6427.473684, 2025-11-10T01:47:59.690Z, 42.292371, -71.262487, 62.586000, 2.070000, 2.160000, 3, 344
6480.157895, 2025-11-10T01:47:59.743Z, 42.292370, -71.262488, 62.710000, 2.084000, 2.070000, 3, 344
6532.842105, 2025-11-10T01:47:59.795Z, 42.292369, -71.262489, 62.801000, 2.077000, 2.080000, 3, 344
6585.526316, 2025-11-10T01:47:59.848Z, 42.292368, -71.262491, 62.852000, 2.100000, 2.080000, 3, 344
6638.210526, 2025-11-10T01:47:59.901Z, 42.292368, -71.262492, 62.911000, 2.094000, 2.100000, 3, 344
6690.894737, 2025-11-10T01:47:59.953Z, 42.292367, -71.262494, 63.008000, 2.132000, 2.090000, 3, 344
6743.578947, 2025-11-10T01:48:00.006Z, 42.292366, -71.262495, 63.065000, 2.210000, 2.130000, 3, 344
6796.263158, 2025-11-10T01:48:00.059Z, 42.292365, -71.262497, 63.031000, 2.337000, 2.210000, 3, 344
6848.947368, 2025-11-10T01:48:00.111Z, 42.292365, -71.262498, 63.018000, 2.341000, 2.340000, 3, 344
6901.631579, 2025-11-10T01:48:00.164Z, 42.292364, -71.262500, 62.991000, 2.272000, 2.340000, 3, 344
6954.315789, 2025-11-10T01:48:00.217Z, 42.292364, -71.262501, 62.956000, 2.255000, 2.270000, 3, 344
7007.000000, 2025-11-10T01:48:00.314Z, 42.292363, -71.262502, 62.918000, 2.237000, 2.250000, 3, 319
7062.611111, 2025-11-10T01:48:00.369Z, 42.292363, -71.262504, 62.870000, 2.240000, 2.240000, 3, 319
7118.222222, 2025-11-10T01:48:00.425Z, 42.292363, -71.262505, 62.862000, 2.210000, 2.240000, 3, 319
7173.833333, 2025-11-10T01:48:00.480Z, 42.292362, -71.262506, 62.805000, 2.339000, 2.210000, 3, 319
7229.444444, 2025-11-10T01:48:00.536Z, 42.292361, -71.262507, 62.760000, 2.329000, 2.340000, 3, 319
7285.055556, 2025-11-10T01:48:00.592Z, 42.292361, -71.262508, 62.703000, 2.244000, 2.330000, 3, 319
7340.666667, 2025-11-10T01:48:00.647Z, 42.292360, -71.262510, 62.648000, 2.276000, 2.240000, 3, 319
7396.277778, 2025-11-10T01:48:00.703Z, 42.292359, -71.262510, 62.614000, 2.224000, 2.280000, 3, 319
7451.888889, 2025-11-10T01:48:00.758Z, 42.292358, -71.262512, 62.625000, 2.297000, 2.220000, 3, 319
7507.500000, 2025-11-10T01:48:00.814Z, 42.292358, -71.262513, 62.581000, 2.285000, 2.300000, 3, 319
7563.111111, 2025-11-10T01:48:00.870Z, 42.292357, -71.262514, 62.562000, 2.303000, 2.280000, 3, 319
7618.722222, 2025-11-10T01:48:00.925Z, 42.292356, -71.262515, 62.543000, 2.387000, 2.300000, 3, 319
7674.333333, 2025-11-10T01:48:00.981Z, 42.292355, -71.262516, 62.489000, 2.353000, 2.390000, 3, 319
7729.944444, 2025-11-10T01:48:01.036Z, 42.292355, -71.262517, 62.460000, 2.321000, 2.350000, 3, 319
7785.555556, 2025-11-10T01:48:01.092Z, 42.292354, -71.262518, 62.444000, 2.223000, 2.320000, 3, 319
7841.166667, 2025-11-10T01:48:01.148Z, 42.292353, -71.262518, 62.476000, 2.286000, 2.220000, 3, 319
7896.777778, 2025-11-10T01:48:01.203Z, 42.292352, -71.262519, 62.465000, 2.344000, 2.290000, 3, 319
7952.388889, 2025-11-10T01:48:01.259Z, 42.292351, -71.262520, 62.431000, 2.490000, 2.340000, 3, 319
8008.000000, 2025-11-10T01:48:01.304Z, 42.292350, -71.262521, 62.384000, 2.489000, 2.490000, 3, 319
8060.684211, 2025-11-10T01:48:01.356Z, 42.292349, -71.262523, 62.362000, 2.465000, 2.490000, 3, 319
8113.368421, 2025-11-10T01:48:01.409Z, 42.292349, -71.262524, 62.340000, 2.376000, 2.470000, 3, 319
8166.052632, 2025-11-10T01:48:01.462Z, 42.292348, -71.262525, 62.273000, 2.265000, 2.380000, 3, 319
8218.736842, 2025-11-10T01:48:01.514Z, 42.292348, -71.262526, 62.228000, 2.249000, 2.270000, 3, 319
8271.421053, 2025-11-10T01:48:01.567Z, 42.292347, -71.262528, 62.281000, 2.334000, 2.250000, 3, 319
8324.105263, 2025-11-10T01:48:01.620Z, 42.292346, -71.262529, 62.307000, 2.292000, 2.330000, 3, 319
8376.789474, 2025-11-10T01:48:01.672Z, 42.292345, -71.262530, 62.271000, 2.365000, 2.290000, 3, 319
8429.473684, 2025-11-10T01:48:01.725Z, 42.292344, -71.262531, 62.273000, 2.400000, 2.370000, 3, 319
8482.157895, 2025-11-10T01:48:01.778Z, 42.292343, -71.262532, 62.303000, 2.367000, 2.400000, 3, 319
8534.842105, 2025-11-10T01:48:01.830Z, 42.292343, -71.262533, 62.312000, 2.320000, 2.370000, 3, 319
8587.526316, 2025-11-10T01:48:01.883Z, 42.292342, -71.262535, 62.391000, 2.362000, 2.320000, 3, 319
8640.210526, 2025-11-10T01:48:01.936Z, 42.292341, -71.262536, 62.404000, 2.476000, 2.360000, 3, 319
8692.894737, 2025-11-10T01:48:01.988Z, 42.292340, -71.262537, 62.364000, 2.511000, 2.480000, 3, 319
8745.578947, 2025-11-10T01:48:02.041Z, 42.292339, -71.262538, 62.334000, 2.444000, 2.510000, 3, 319
8798.263158, 2025-11-10T01:48:02.094Z, 42.292338, -71.262539, 62.310000, 2.242000, 2.440000, 3, 319
8850.947368, 2025-11-10T01:48:02.146Z, 42.292338, -71.262540, 62.290000, 2.263000, 2.240000, 3, 319
8903.631579, 2025-11-10T01:48:02.199Z, 42.292337, -71.262541, 62.331000, 2.354000, 2.260000, 3, 319
8956.315789, 2025-11-10T01:48:02.252Z, 42.292336, -71.262543, 62.399000, 2.322000, 2.350000, 3, 319
9009.000000, 2025-11-10T01:48:02.294Z, 42.292335, -71.262544, 62.380000, 2.414000, 2.320000, 3, 319
9067.882353, 2025-11-10T01:48:02.352Z, 42.292334, -71.262546, 62.364000, 2.413000, 2.410000, 3, 319
9126.764706, 2025-11-10T01:48:02.411Z, 42.292333, -71.262547, 62.379000, 2.381000, 2.410000, 3, 319
9185.647059, 2025-11-10T01:48:02.470Z, 42.292333, -71.262548, 62.348000, 2.434000, 2.380000, 3, 319
9244.529412, 2025-11-10T01:48:02.529Z, 42.292331, -71.262549, 62.426000, 2.542000, 2.430000, 3, 319
9303.411765, 2025-11-10T01:48:02.588Z, 42.292331, -71.262550, 62.462000, 2.357000, 2.540000, 3, 319
9362.294118, 2025-11-10T01:48:02.647Z, 42.292330, -71.262552, 62.543000, 2.304000, 2.360000, 3, 319
9421.176471, 2025-11-10T01:48:02.706Z, 42.292329, -71.262553, 62.649000, 2.332000, 2.300000, 3, 319
9480.058824, 2025-11-10T01:48:02.765Z, 42.292328, -71.262554, 62.677000, 2.211000, 2.330000, 3, 319
9538.941176, 2025-11-10T01:48:02.823Z, 42.292327, -71.262555, 62.722000, 2.204000, 2.210000, 3, 319
9597.823529, 2025-11-10T01:48:02.882Z, 42.292326, -71.262556, 62.732000, 2.166000, 2.200000, 3, 319
9656.705882, 2025-11-10T01:48:02.941Z, 42.292325, -71.262557, 62.795000, 2.078000, 2.170000, 3, 319
9715.588235, 2025-11-10T01:48:03.000Z, 42.292325, -71.262558, 62.835000, 2.094000, 2.080000, 3, 319
9774.470588, 2025-11-10T01:48:03.059Z, 42.292324, -71.262559, 62.812000, 2.190000, 2.100000, 3, 319
9833.352941, 2025-11-10T01:48:03.118Z, 42.292324, -71.262561, 62.785000, 2.278000, 2.190000, 3, 319
9892.235294, 2025-11-10T01:48:03.177Z, 42.292323, -71.262562, 62.703000, 2.421000, 2.280000, 3, 319
9951.117647, 2025-11-10T01:48:03.236Z, 42.292322, -71.262563, 62.650000, 2.514000, 2.420000, 3, 319
10010.000000, 2025-11-10T01:48:03.284Z, 42.292321, -71.262564, 62.648000, 2.445000, 2.520000, 3, 319
10065.611111, 2025-11-10T01:48:03.339Z, 42.292321, -71.262565, 62.622000, 2.361000, 2.450000, 3, 319
10121.222222, 2025-11-10T01:48:03.395Z, 42.292320, -71.262567, 62.667000, 2.164000, 2.360000, 3, 319
10176.833333, 2025-11-10T01:48:03.450Z, 42.292320, -71.262568, 62.708000, 2.162000, 2.170000, 3, 319
10232.444444, 2025-11-10T01:48:03.506Z, 42.292319, -71.262569, 62.696000, 2.267000, 2.170000, 3, 319
10288.055556, 2025-11-10T01:48:03.562Z, 42.292318, -71.262570, 62.728000, 2.365000, 2.270000, 3, 319
10343.666667, 2025-11-10T01:48:03.617Z, 42.292317, -71.262571, 62.733000, 2.308000, 2.370000, 3, 319
10399.277778, 2025-11-10T01:48:03.673Z, 42.292316, -71.262572, 62.708000, 2.202000, 2.310000, 3, 319
10454.888889, 2025-11-10T01:48:03.728Z, 42.292315, -71.262573, 62.752000, 2.230000, 2.200000, 3, 319
10510.500000, 2025-11-10T01:48:03.784Z, 42.292314, -71.262574, 62.798000, 2.278000, 2.230000, 3, 319
10566.111111, 2025-11-10T01:48:03.840Z, 42.292313, -71.262576, 62.834000, 2.243000, 2.280000, 3, 319
10621.722222, 2025-11-10T01:48:03.895Z, 42.292313, -71.262577, 62.874000, 2.306000, 2.240000, 3, 319
10677.333333, 2025-11-10T01:48:03.951Z, 42.292312, -71.262579, 62.884000, 2.399000, 2.310000, 3, 319
10732.944444, 2025-11-10T01:48:04.006Z, 42.292311, -71.262580, 62.893000, 2.419000, 2.400000, 3, 319
10788.555556, 2025-11-10T01:48:04.062Z, 42.292310, -71.262581, 62.914000, 2.472000, 2.420000, 3, 319
10844.166667, 2025-11-10T01:48:04.118Z, 42.292309, -71.262583, 63.019000, 2.572000, 2.470000, 3, 319
10899.777778, 2025-11-10T01:48:04.173Z, 42.292308, -71.262585, 63.096000, 2.598000, 2.570000, 3, 319
10955.388889, 2025-11-10T01:48:04.229Z, 42.292307, -71.262586, 63.165000, 2.630000, 2.600000, 3, 319
11011.000000, 2025-11-10T01:48:04.329Z, 42.292306, -71.262588, 63.149000, 2.661000, 2.630000, 3, 319
11063.684211, 2025-11-10T01:48:04.381Z, 42.292305, -71.262589, 63.189000, 2.555000, 2.660000, 3, 319
11116.368421, 2025-11-10T01:48:04.434Z, 42.292304, -71.262591, 63.166000, 2.558000, 2.560000, 3, 319
11169.052632, 2025-11-10T01:48:04.487Z, 42.292304, -71.262592, 63.199000, 2.459000, 2.560000, 3, 319
11221.736842, 2025-11-10T01:48:04.539Z, 42.292303, -71.262593, 63.273000, 2.473000, 2.460000, 3, 319
11274.421053, 2025-11-10T01:48:04.592Z, 42.292302, -71.262595, 63.314000, 2.525000, 2.470000, 3, 319
11327.105263, 2025-11-10T01:48:04.645Z, 42.292301, -71.262596, 63.324000, 2.536000, 2.530000, 3, 319
11379.789474, 2025-11-10T01:48:04.697Z, 42.292300, -71.262598, 63.323000, 2.776000, 2.540000, 3, 319
11432.473684, 2025-11-10T01:48:04.750Z, 42.292299, -71.262600, 63.261000, 2.728000, 2.780000, 3, 319
11485.157895, 2025-11-10T01:48:04.803Z, 42.292299, -71.262601, 63.215000, 2.749000, 2.730000, 3, 319
11537.842105, 2025-11-10T01:48:04.855Z, 42.292298, -71.262603, 63.202000, 2.667000, 2.750000, 3, 319
11590.526316, 2025-11-10T01:48:04.908Z, 42.292297, -71.262604, 63.205000, 2.750000, 2.670000, 3, 319
11643.210526, 2025-11-10T01:48:04.961Z, 42.292296, -71.262606, 63.260000, 2.740000, 2.750000, 3, 319
11695.894737, 2025-11-10T01:48:05.013Z, 42.292295, -71.262607, 63.260000, 2.681000, 2.740000, 3, 319
11748.578947, 2025-11-10T01:48:05.066Z, 42.292294, -71.262609, 63.197000, 2.633000, 2.680000, 3, 319
11801.263158, 2025-11-10T01:48:05.119Z, 42.292294, -71.262610, 63.092000, 2.557000, 2.630000, 3, 319
11853.947368, 2025-11-10T01:48:05.171Z, 42.292293, -71.262612, 63.090000, 2.449000, 2.560000, 3, 319
11906.631579, 2025-11-10T01:48:05.224Z, 42.292293, -71.262613, 63.091000, 2.448000, 2.450000, 3, 319
11959.315789, 2025-11-10T01:48:05.277Z, 42.292293, -71.262614, 63.056000, 2.360000, 2.450000, 3, 319
12012.000000, 2025-11-10T01:48:05.264Z, 42.292292, -71.262616, 63.091000, 2.337000, 2.360000, 3, 319
12067.611111, 2025-11-10T01:48:05.319Z, 42.292291, -71.262617, 63.068000, 2.384000, 2.340000, 3, 319
12123.222222, 2025-11-10T01:48:05.375Z, 42.292290, -71.262618, 63.052000, 2.310000, 2.380000, 3, 319
12178.833333, 2025-11-10T01:48:05.430Z, 42.292289, -71.262619, 62.977000, 2.410000, 2.310000, 3, 319
12234.444444, 2025-11-10T01:48:05.486Z, 42.292288, -71.262621, 62.930000, 2.429000, 2.410000, 3, 319
12290.055556, 2025-11-10T01:48:05.542Z, 42.292288, -71.262622, 62.870000, 2.549000, 2.430000, 3, 319
12345.666667, 2025-11-10T01:48:05.597Z, 42.292287, -71.262624, 62.865000, 2.530000, 2.550000, 3, 319
12401.277778, 2025-11-10T01:48:05.653Z, 42.292286, -71.262625, 62.828000, 2.576000, 2.530000, 3, 319
12456.888889, 2025-11-10T01:48:05.708Z, 42.292285, -71.262627, 62.786000, 2.536000, 2.580000, 3, 319
12512.500000, 2025-11-10T01:48:05.764Z, 42.292285, -71.262628, 62.603000, 2.436000, 2.540000, 3, 319
12568.111111, 2025-11-10T01:48:05.820Z, 42.292285, -71.262629, 62.510000, 2.386000, 2.440000, 3, 319
12623.722222, 2025-11-10T01:48:05.875Z, 42.292284, -71.262631, 62.458000, 2.385000, 2.390000, 3, 319
12679.333333, 2025-11-10T01:48:05.931Z, 42.292284, -71.262632, 62.368000, 2.337000, 2.380000, 3, 319
12734.944444, 2025-11-10T01:48:05.986Z, 42.292284, -71.262633, 62.390000, 2.251000, 2.340000, 3, 319
12790.555556, 2025-11-10T01:48:06.042Z, 42.292283, -71.262635, 62.317000, 2.347000, 2.250000, 3, 319
12846.166667, 2025-11-10T01:48:06.098Z, 42.292283, -71.262636, 62.230000, 2.330000, 2.350000, 3, 319
12901.777778, 2025-11-10T01:48:06.153Z, 42.292282, -71.262637, 62.150000, 2.311000, 2.330000, 3, 319
12957.388889, 2025-11-10T01:48:06.209Z, 42.292282, -71.262639, 62.089000, 2.388000, 2.310000, 3, 319
13013.000000, 2025-11-10T01:48:06.309Z, 42.292281, -71.262640, 61.959000, 2.401000, 2.390000, 3, 319
13068.611111, 2025-11-10T01:48:06.364Z, 42.292280, -71.262642, 61.872000, 2.463000, 2.400000, 3, 319
13124.222222, 2025-11-10T01:48:06.420Z, 42.292280, -71.262643, 61.827000, 2.443000, 2.460000, 3, 319
13179.833333, 2025-11-10T01:48:06.475Z, 42.292279, -71.262644, 61.810000, 2.377000, 2.440000, 3, 319
13235.444444, 2025-11-10T01:48:06.531Z, 42.292278, -71.262645, 61.785000, 2.355000, 2.380000, 3, 319
13291.055556, 2025-11-10T01:48:06.587Z, 42.292278, -71.262646, 61.626000, 2.319000, 2.360000, 3, 319
13346.666667, 2025-11-10T01:48:06.642Z, 42.292277, -71.262647, 61.559000, 2.333000, 2.320000, 3, 319
13402.277778, 2025-11-10T01:48:06.698Z, 42.292276, -71.262649, 61.620000, 2.357000, 2.330000, 3, 319
13457.888889, 2025-11-10T01:48:06.753Z, 42.292276, -71.262650, 61.632000, 2.398000, 2.360000, 3, 319
13513.500000, 2025-11-10T01:48:06.809Z, 42.292275, -71.262652, 61.613000, 2.432000, 2.400000, 3, 319
13569.111111, 2025-11-10T01:48:06.865Z, 42.292275, -71.262653, 61.498000, 2.342000, 2.430000, 3, 319
13624.722222, 2025-11-10T01:48:06.920Z, 42.292275, -71.262655, 61.386000, 2.364000, 2.340000, 3, 319
13680.333333, 2025-11-10T01:48:06.976Z, 42.292275, -71.262656, 61.246000, 2.491000, 2.360000, 3, 319
13735.944444, 2025-11-10T01:48:07.031Z, 42.292274, -71.262658, 61.219000, 2.615000, 2.490000, 3, 319
13791.555556, 2025-11-10T01:48:07.087Z, 42.292274, -71.262659, 61.145000, 2.576000, 2.620000, 3, 319
13847.166667, 2025-11-10T01:48:07.143Z, 42.292273, -71.262661, 61.151000, 2.544000, 2.580000, 3, 319
13902.777778, 2025-11-10T01:48:07.198Z, 42.292272, -71.262662, 61.150000, 2.468000, 2.550000, 3, 319
13958.388889, 2025-11-10T01:48:07.254Z, 42.292271, -71.262663, 61.142000, 2.522000, 2.470000, 3, 319
14014.000000, 2025-11-10T01:48:07.299Z, 42.292270, -71.262665, 61.141000, 2.467000, 2.520000, 3, 319
14069.611111, 2025-11-10T01:48:07.354Z, 42.292270, -71.262665, 61.083000, 2.317000, 2.470000, 3, 319
14125.222222, 2025-11-10T01:48:07.410Z, 42.292269, -71.262666, 61.075000, 2.150000, 2.320000, 3, 319
14180.833333, 2025-11-10T01:48:07.465Z, 42.292269, -71.262668, 61.096000, 2.115000, 2.150000, 3, 319
14236.444444, 2025-11-10T01:48:07.521Z, 42.292269, -71.262669, 61.151000, 1.858000, 2.120000, 3, 319
14292.055556, 2025-11-10T01:48:07.577Z, 42.292268, -71.262670, 61.100000, 1.874000, 1.860000, 3, 319
14347.666667, 2025-11-10T01:48:07.632Z, 42.292268, -71.262671, 61.080000, 1.852000, 1.880000, 3, 319
14403.277778, 2025-11-10T01:48:07.688Z, 42.292268, -71.262672, 61.058000, 1.844000, 1.850000, 3, 319
14458.888889, 2025-11-10T01:48:07.743Z, 42.292268, -71.262673, 60.989000, 1.862000, 1.850000, 3, 319
14514.500000, 2025-11-10T01:48:07.799Z, 42.292268, -71.262674, 60.949000, 1.904000, 1.860000, 3, 319
14570.111111, 2025-11-10T01:48:07.855Z, 42.292267, -71.262676, 60.939000, 1.862000, 1.910000, 3, 319
14625.722222, 2025-11-10T01:48:07.910Z, 42.292267, -71.262676, 60.957000, 1.769000, 1.860000, 3, 319
14681.333333, 2025-11-10T01:48:07.966Z, 42.292267, -71.262678, 60.953000, 1.789000, 1.770000, 3, 319
14736.944444, 2025-11-10T01:48:08.021Z, 42.292267, -71.262679, 60.849000, 1.833000, 1.790000, 3, 319
14792.555556, 2025-11-10T01:48:08.077Z, 42.292266, -71.262680, 60.802000, 1.963000, 1.830000, 3, 319
14848.166667, 2025-11-10T01:48:08.133Z, 42.292265, -71.262682, 60.780000, 2.065000, 1.960000, 3, 319
14903.777778, 2025-11-10T01:48:08.188Z, 42.292265, -71.262683, 60.695000, 2.019000, 2.070000, 3, 319
14959.388889, 2025-11-10T01:48:08.244Z, 42.292265, -71.262684, 60.680000, 1.924000, 2.020000, 3, 319
15015.000000, 2025-11-10T01:48:08.289Z, 42.292265, -71.262685, 60.665000, 1.931000, 1.930000, 3, 319
15067.684211, 2025-11-10T01:48:08.341Z, 42.292265, -71.262686, 60.689000, 1.860000, 1.930000, 3, 319
15120.368421, 2025-11-10T01:48:08.394Z, 42.292265, -71.262688, 60.633000, 1.918000, 1.860000, 3, 319
15173.052632, 2025-11-10T01:48:08.447Z, 42.292265, -71.262689, 60.547000, 2.010000, 1.920000, 3, 319
15225.736842, 2025-11-10T01:48:08.499Z, 42.292264, -71.262691, 60.508000, 2.041000, 2.010000, 3, 319
15278.421053, 2025-11-10T01:48:08.552Z, 42.292263, -71.262692, 60.512000, 2.149000, 2.040000, 3, 319
15331.105263, 2025-11-10T01:48:08.605Z, 42.292262, -71.262693, 60.550000, 2.205000, 2.150000, 3, 319
15383.789474, 2025-11-10T01:48:08.657Z, 42.292262, -71.262694, 60.558000, 2.127000, 2.210000, 3, 319
15436.473684, 2025-11-10T01:48:08.710Z, 42.292262, -71.262696, 60.484000, 2.141000, 2.130000, 3, 319
15489.157895, 2025-11-10T01:48:08.763Z, 42.292261, -71.262697, 60.426000, 2.131000, 2.140000, 3, 319
15541.842105, 2025-11-10T01:48:08.815Z, 42.292261, -71.262698, 60.399000, 2.018000, 2.130000, 3, 319
15594.526316, 2025-11-10T01:48:08.868Z, 42.292260, -71.262699, 60.361000, 1.983000, 2.020000, 3, 319
15647.210526, 2025-11-10T01:48:08.921Z, 42.292260, -71.262700, 60.304000, 1.963000, 1.980000, 3, 319
15699.894737, 2025-11-10T01:48:08.973Z, 42.292260, -71.262701, 60.261000, 1.865000, 1.960000, 3, 319
15752.578947, 2025-11-10T01:48:09.026Z, 42.292260, -71.262702, 60.271000, 1.712000, 1.870000, 3, 319
15805.263158, 2025-11-10T01:48:09.079Z, 42.292259, -71.262703, 60.224000, 1.807000, 1.710000, 3, 319
15857.947368, 2025-11-10T01:48:09.131Z, 42.292259, -71.262705, 60.116000, 1.890000, 1.810000, 3, 319
15910.631579, 2025-11-10T01:48:09.184Z, 42.292259, -71.262706, 60.047000, 1.856000, 1.890000, 3, 319
15963.315789, 2025-11-10T01:48:09.237Z, 42.292258, -71.262707, 59.953000, 1.886000, 1.860000, 3, 319
16016.000000, 2025-11-10T01:48:09.279Z, 42.292258, -71.262707, 59.930000, 1.758000, 1.890000, 3, 319
16071.611111, 2025-11-10T01:48:09.334Z, 42.292258, -71.262708, 59.931000, 1.566000, 1.760000, 3, 319
16127.222222, 2025-11-10T01:48:09.390Z, 42.292258, -71.262709, 59.909000, 1.349000, 1.570000, 3, 319
16182.833333, 2025-11-10T01:48:09.445Z, 42.292257, -71.262709, 59.897000, 1.303000, 1.350000, 3, 319
16238.444444, 2025-11-10T01:48:09.501Z, 42.292257, -71.262709, 59.854000, 1.193000, 1.300000, 3, 319
16294.055556, 2025-11-10T01:48:09.557Z, 42.292256, -71.262709, 59.840000, 1.235000, 1.200000, 3, 319
16349.666667, 2025-11-10T01:48:09.612Z, 42.292256, -71.262710, 59.812000, 1.184000, 1.240000, 3, 319
16405.277778, 2025-11-10T01:48:09.668Z, 42.292256, -71.262710, 59.782000, 0.878000, 1.190000, 3, 319
16460.888889, 2025-11-10T01:48:09.723Z, 42.292255, -71.262709, 59.821000, 0.666000, 0.880000, 3, 319
16516.500000, 2025-11-10T01:48:09.779Z, 42.292255, -71.262709, 59.832000, 0.495000, 0.670000, 3, 319
16572.111111, 2025-11-10T01:48:09.835Z, 42.292255, -71.262710, 59.829000, 0.334000, 0.500000, 3, 319
16627.722222, 2025-11-10T01:48:09.890Z, 42.292255, -71.262709, 59.849000, 0.396000, 0.340000, 3, 319
16683.333333, 2025-11-10T01:48:09.946Z, 42.292255, -71.262709, 59.854000, 0.384000, 0.400000, 3, 319
16738.944444, 2025-11-10T01:48:10.001Z, 42.292255, -71.262709, 59.799000, 0.345000, 0.390000, 3, 319
16794.555556, 2025-11-10T01:48:10.057Z, 42.292255, -71.262709, 59.847000, 0.305000, 0.360000, 3, 319
16850.166667, 2025-11-10T01:48:10.113Z, 42.292255, -71.262708, 59.882000, 0.579000, 0.310000, 3, 319
16905.777778, 2025-11-10T01:48:10.168Z, 42.292255, -71.262707, 59.877000, 0.840000, 0.580000, 3, 319
16961.388889, 2025-11-10T01:48:10.224Z, 42.292256, -71.262707, 59.906000, 0.850000, 0.840000, 3, 319
17017.000000, 2025-11-10T01:48:10.269Z, 42.292256, -71.262706, 59.911000, 0.845000, 0.850000, 3, 319
17072.611111, 2025-11-10T01:48:10.324Z, 42.292256, -71.262705, 59.823000, 0.815000, 0.850000, 3, 319
17128.222222, 2025-11-10T01:48:10.380Z, 42.292256, -71.262705, 59.798000, 0.822000, 0.820000, 3, 319
17183.833333, 2025-11-10T01:48:10.435Z, 42.292257, -71.262704, 59.738000, 0.981000, 0.820000, 3, 319
17239.444444, 2025-11-10T01:48:10.491Z, 42.292257, -71.262703, 59.709000, 1.191000, 0.980000, 3, 319
17295.055556, 2025-11-10T01:48:10.547Z, 42.292257, -71.262702, 59.758000, 1.374000, 1.190000, 3, 319
17350.666667, 2025-11-10T01:48:10.602Z, 42.292258, -71.262701, 59.709000, 1.533000, 1.370000, 3, 319
17406.277778, 2025-11-10T01:48:10.658Z, 42.292258, -71.262700, 59.754000, 1.556000, 1.530000, 3, 319
17461.888889, 2025-11-10T01:48:10.713Z, 42.292258, -71.262699, 59.750000, 1.592000, 1.560000, 3, 319
17517.500000, 2025-11-10T01:48:10.769Z, 42.292259, -71.262698, 59.664000, 1.523000, 1.590000, 3, 319
17573.111111, 2025-11-10T01:48:10.825Z, 42.292260, -71.262698, 59.689000, 1.572000, 1.520000, 3, 319
17628.722222, 2025-11-10T01:48:10.880Z, 42.292260, -71.262697, 59.681000, 1.660000, 1.570000, 3, 319
17684.333333, 2025-11-10T01:48:10.936Z, 42.292261, -71.262696, 59.665000, 1.765000, 1.660000, 3, 319
17739.944444, 2025-11-10T01:48:10.991Z, 42.292262, -71.262695, 59.615000, 1.803000, 1.770000, 3, 319
17795.555556, 2025-11-10T01:48:11.047Z, 42.292263, -71.262694, 59.555000, 1.730000, 1.800000, 3, 319
17851.166667, 2025-11-10T01:48:11.103Z, 42.292263, -71.262694, 59.496000, 1.493000, 1.730000, 3, 319
17906.777778, 2025-11-10T01:48:11.158Z, 42.292263, -71.262692, 59.472000, 1.457000, 1.500000, 3, 319
17962.388889, 2025-11-10T01:48:11.214Z, 42.292263, -71.262691, 59.487000, 1.584000, 1.460000, 3, 319
18018.000000, 2025-11-10T01:48:11.314Z, 42.292263, -71.262690, 59.530000, 1.675000, 1.590000, 3, 319
18073.611111, 2025-11-10T01:48:11.369Z, 42.292264, -71.262689, 59.495000, 1.712000, 1.680000, 3, 319
18129.222222, 2025-11-10T01:48:11.425Z, 42.292264, -71.262688, 59.491000, 1.681000, 1.710000, 3, 319
18184.833333, 2025-11-10T01:48:11.480Z, 42.292265, -71.262687, 59.413000, 1.712000, 1.680000, 3, 319
18240.444444, 2025-11-10T01:48:11.536Z, 42.292266, -71.262686, 59.394000, 1.634000, 1.720000, 3, 319
18296.055556, 2025-11-10T01:48:11.592Z, 42.292266, -71.262684, 59.376000, 1.728000, 1.640000, 3, 319
18351.666667, 2025-11-10T01:48:11.647Z, 42.292266, -71.262683, 59.420000, 1.743000, 1.730000, 3, 319
18407.277778, 2025-11-10T01:48:11.703Z, 42.292268, -71.262682, 59.333000, 1.846000, 1.740000, 3, 319
18462.888889, 2025-11-10T01:48:11.758Z, 42.292269, -71.262681, 59.237000, 1.879000, 1.850000, 3, 319
18518.500000, 2025-11-10T01:48:11.814Z, 42.292270, -71.262681, 59.214000, 1.748000, 1.880000, 3, 319
18574.111111, 2025-11-10T01:48:11.870Z, 42.292271, -71.262680, 59.162000, 1.772000, 1.750000, 3, 319
18629.722222, 2025-11-10T01:48:11.925Z, 42.292271, -71.262678, 59.112000, 1.846000, 1.780000, 3, 319
18685.333333, 2025-11-10T01:48:11.981Z, 42.292271, -71.262677, 59.096000, 1.797000, 1.850000, 3, 319
18740.944444, 2025-11-10T01:48:12.036Z, 42.292272, -71.262676, 59.104000, 1.823000, 1.800000, 3, 319
18796.555556, 2025-11-10T01:48:12.092Z, 42.292273, -71.262675, 59.068000, 1.848000, 1.830000, 3, 319
18852.166667, 2025-11-10T01:48:12.148Z, 42.292273, -71.262674, 58.948000, 1.624000, 1.850000, 3, 319
18907.777778, 2025-11-10T01:48:12.203Z, 42.292273, -71.262674, 58.880000, 1.367000, 1.630000, 3, 319
18963.388889, 2025-11-10T01:48:12.259Z, 42.292274, -71.262673, 58.842000, 1.330000, 1.380000, 3, 319
19019.000000, 2025-11-10T01:48:12.304Z, 42.292275, -71.262672, 58.757000, 1.387000, 1.350000, 3, 319
19074.611111, 2025-11-10T01:48:12.359Z, 42.292276, -71.262671, 58.707000, 1.569000, 1.410000, 3, 319
19130.222222, 2025-11-10T01:48:12.415Z, 42.292277, -71.262670, 58.707000, 1.652000, 1.590000, 3, 319
19185.833333, 2025-11-10T01:48:12.470Z, 42.292278, -71.262669, 58.699000, 1.755000, 1.670000, 3, 319
19241.444444, 2025-11-10T01:48:12.526Z, 42.292279, -71.262668, 58.703000, 1.710000, 1.770000, 3, 319
19297.055556, 2025-11-10T01:48:12.582Z, 42.292279, -71.262667, 58.718000, 1.659000, 1.730000, 3, 319
19352.666667, 2025-11-10T01:48:12.637Z, 42.292279, -71.262665, 58.691000, 1.724000, 1.680000, 3, 319
19408.277778, 2025-11-10T01:48:12.693Z, 42.292280, -71.262664, 58.665000, 1.858000, 1.740000, 3, 319
19463.888889, 2025-11-10T01:48:12.748Z, 42.292281, -71.262663, 58.649000, 1.881000, 1.870000, 3, 319
19519.500000, 2025-11-10T01:48:12.804Z, 42.292282, -71.262661, 58.632000, 2.055000, 1.900000, 3, 319
19575.111111, 2025-11-10T01:48:12.860Z, 42.292282, -71.262660, 58.632000, 2.130000, 2.070000, 3, 319
19630.722222, 2025-11-10T01:48:12.915Z, 42.292283, -71.262658, 58.572000, 2.146000, 2.140000, 3, 319
19686.333333, 2025-11-10T01:48:12.971Z, 42.292283, -71.262657, 58.530000, 2.101000, 2.160000, 3, 319
19741.944444, 2025-11-10T01:48:13.026Z, 42.292284, -71.262656, 58.521000, 2.118000, 2.120000, 3, 319
19797.555556, 2025-11-10T01:48:13.082Z, 42.292286, -71.262654, 58.474000, 2.264000, 2.130000, 3, 319
19853.166667, 2025-11-10T01:48:13.138Z, 42.292287, -71.262653, 58.433000, 2.371000, 2.280000, 3, 319
19908.777778, 2025-11-10T01:48:13.193Z, 42.292288, -71.262652, 58.442000, 2.378000, 2.390000, 3, 319
19964.388889, 2025-11-10T01:48:13.249Z, 42.292289, -71.262651, 58.428000, 2.348000, 2.390000, 3, 319
20020.000000, 2025-11-10T01:48:13.294Z, 42.292290, -71.262649, 58.419000, 2.324000, 2.360000, 3, 319
20072.684211, 2025-11-10T01:48:13.346Z, 42.292291, -71.262647, 58.359000, 2.518000, 2.340000, 3, 319
20125.368421, 2025-11-10T01:48:13.399Z, 42.292292, -71.262646, 58.344000, 2.499000, 2.530000, 3, 319
20178.052632, 2025-11-10T01:48:13.452Z, 42.292293, -71.262645, 58.335000, 2.418000, 2.510000, 3, 319
20230.736842, 2025-11-10T01:48:13.504Z, 42.292294, -71.262643, 58.367000, 2.423000, 2.430000, 3, 319
20283.421053, 2025-11-10T01:48:13.557Z, 42.292295, -71.262642, 58.361000, 2.484000, 2.430000, 3, 319
20336.105263, 2025-11-10T01:48:13.610Z, 42.292296, -71.262641, 58.320000, 2.513000, 2.490000, 3, 319
20388.789474, 2025-11-10T01:48:13.662Z, 42.292296, -71.262640, 58.310000, 2.388000, 2.520000, 3, 319
20441.473684, 2025-11-10T01:48:13.715Z, 42.292297, -71.262638, 58.284000, 2.388000, 2.400000, 3, 319
20494.157895, 2025-11-10T01:48:13.768Z, 42.292298, -71.262637, 58.303000, 2.435000, 2.400000, 3, 319
20546.842105, 2025-11-10T01:48:13.820Z, 42.292299, -71.262635, 58.418000, 2.678000, 2.450000, 3, 319
20599.526316, 2025-11-10T01:48:13.873Z, 42.292301, -71.262634, 58.458000, 2.859000, 2.680000, 3, 319
20652.210526, 2025-11-10T01:48:13.926Z, 42.292302, -71.262633, 58.463000, 2.841000, 2.860000, 3, 319
20704.894737, 2025-11-10T01:48:13.978Z, 42.292303, -71.262632, 58.403000, 2.601000, 2.850000, 3, 319
20757.578947, 2025-11-10T01:48:14.031Z, 42.292303, -71.262630, 58.318000, 2.411000, 2.610000, 3, 319
20810.263158, 2025-11-10T01:48:14.084Z, 42.292304, -71.262629, 58.248000, 2.323000, 2.420000, 3, 319
20862.947368, 2025-11-10T01:48:14.136Z, 42.292304, -71.262628, 58.268000, 2.267000, 2.330000, 3, 319
20915.631579, 2025-11-10T01:48:14.189Z, 42.292305, -71.262626, 58.324000, 2.360000, 2.280000, 3, 319
20968.315789, 2025-11-10T01:48:14.242Z, 42.292305, -71.262625, 58.381000, 2.380000, 2.370000, 3, 319
21021.000000, 2025-11-10T01:48:14.284Z, 42.292307, -71.262623, 58.277000, 2.389000, 2.380000, 3, 318
21076.611111, 2025-11-10T01:48:14.339Z, 42.292308, -71.262622, 58.253000, 2.400000, 2.400000, 3, 318
21132.222222, 2025-11-10T01:48:14.395Z, 42.292308, -71.262621, 58.337000, 2.334000, 2.410000, 3, 318
21187.833333, 2025-11-10T01:48:14.450Z, 42.292309, -71.262619, 58.353000, 2.487000, 2.340000, 3, 318
21243.444444, 2025-11-10T01:48:14.506Z, 42.292310, -71.262618, 58.376000, 2.645000, 2.490000, 3, 318
21299.055556, 2025-11-10T01:48:14.562Z, 42.292312, -71.262616, 58.386000, 2.805000, 2.650000, 3, 318
21354.666667, 2025-11-10T01:48:14.617Z, 42.292313, -71.262615, 58.505000, 2.764000, 2.810000, 3, 318
21410.277778, 2025-11-10T01:48:14.673Z, 42.292314, -71.262614, 58.444000, 2.712000, 2.770000, 3, 318
21465.888889, 2025-11-10T01:48:14.728Z, 42.292314, -71.262613, 58.388000, 2.591000, 2.720000, 3, 318
21521.500000, 2025-11-10T01:48:14.784Z, 42.292315, -71.262611, 58.353000, 2.395000, 2.600000, 3, 318
21577.111111, 2025-11-10T01:48:14.840Z, 42.292316, -71.262610, 58.409000, 2.417000, 2.400000, 3, 318
21632.722222, 2025-11-10T01:48:14.895Z, 42.292316, -71.262608, 58.511000, 2.351000, 2.420000, 3, 318
21688.333333, 2025-11-10T01:48:14.951Z, 42.292317, -71.262607, 58.532000, 2.382000, 2.350000, 3, 318
21743.944444, 2025-11-10T01:48:15.006Z, 42.292318, -71.262606, 58.490000, 2.471000, 2.380000, 3, 318
21799.555556, 2025-11-10T01:48:15.062Z, 42.292320, -71.262605, 58.399000, 2.545000, 2.470000, 3, 318
21855.166667, 2025-11-10T01:48:15.118Z, 42.292320, -71.262604, 58.443000, 2.440000, 2.550000, 3, 318
21910.777778, 2025-11-10T01:48:15.173Z, 42.292321, -71.262602, 58.397000, 2.396000, 2.440000, 3, 318
21966.388889, 2025-11-10T01:48:15.229Z, 42.292322, -71.262601, 58.409000, 2.496000, 2.400000, 3, 318
22022.000000, 2025-11-10T01:48:15.274Z, 42.292324, -71.262600, 58.433000, 2.652000, 2.500000, 3, 318
22077.611111, 2025-11-10T01:48:15.329Z, 42.292325, -71.262598, 58.498000, 2.840000, 2.660000, 3, 318
22133.222222, 2025-11-10T01:48:15.385Z, 42.292326, -71.262597, 58.612000, 2.873000, 2.840000, 3, 318
22188.833333, 2025-11-10T01:48:15.440Z, 42.292326, -71.262596, 58.660000, 2.676000, 2.870000, 3, 318
22244.444444, 2025-11-10T01:48:15.496Z, 42.292327, -71.262595, 58.592000, 2.579000, 2.680000, 3, 318
22300.055556, 2025-11-10T01:48:15.552Z, 42.292328, -71.262593, 58.535000, 2.473000, 2.580000, 3, 318
22355.666667, 2025-11-10T01:48:15.607Z, 42.292329, -71.262592, 58.457000, 2.493000, 2.470000, 3, 318
22411.277778, 2025-11-10T01:48:15.663Z, 42.292330, -71.262591, 58.443000, 2.442000, 2.500000, 3, 318
22466.888889, 2025-11-10T01:48:15.718Z, 42.292331, -71.262590, 58.471000, 2.403000, 2.450000, 3, 318
22522.500000, 2025-11-10T01:48:15.774Z, 42.292332, -71.262588, 58.395000, 2.480000, 2.410000, 3, 318
22578.111111, 2025-11-10T01:48:15.830Z, 42.292333, -71.262587, 58.377000, 2.459000, 2.480000, 3, 318
22633.722222, 2025-11-10T01:48:15.885Z, 42.292333, -71.262586, 58.405000, 2.400000, 2.460000, 3, 318
22689.333333, 2025-11-10T01:48:15.941Z, 42.292335, -71.262584, 58.348000, 2.535000, 2.400000, 3, 318
22744.944444, 2025-11-10T01:48:15.996Z, 42.292336, -71.262583, 58.371000, 2.639000, 2.540000, 3, 318
22800.555556, 2025-11-10T01:48:16.052Z, 42.292337, -71.262581, 58.373000, 2.724000, 2.640000, 3, 318
22856.166667, 2025-11-10T01:48:16.108Z, 42.292338, -71.262580, 58.479000, 2.721000, 2.730000, 3, 318
22911.777778, 2025-11-10T01:48:16.163Z, 42.292339, -71.262579, 58.481000, 2.671000, 2.720000, 3, 318
22967.388889, 2025-11-10T01:48:16.219Z, 42.292340, -71.262578, 58.434000, 2.552000, 2.670000, 3, 318
23023.000000, 2025-11-10T01:48:16.319Z, 42.292341, -71.262577, 58.368000, 2.468000, 2.550000, 3, 324
23078.611111, 2025-11-10T01:48:16.374Z, 42.292341, -71.262575, 58.346000, 2.408000, 2.470000, 3, 324
23134.222222, 2025-11-10T01:48:16.430Z, 42.292342, -71.262574, 58.368000, 2.570000, 2.410000, 3, 324
23189.833333, 2025-11-10T01:48:16.485Z, 42.292343, -71.262573, 58.425000, 2.476000, 2.570000, 3, 324
23245.444444, 2025-11-10T01:48:16.541Z, 42.292344, -71.262572, 58.395000, 2.406000, 2.480000, 3, 324
23301.055556, 2025-11-10T01:48:16.597Z, 42.292345, -71.262571, 58.367000, 2.442000, 2.410000, 3, 324
23356.666667, 2025-11-10T01:48:16.652Z, 42.292346, -71.262569, 58.361000, 2.428000, 2.450000, 3, 324
23412.277778, 2025-11-10T01:48:16.708Z, 42.292347, -71.262568, 58.330000, 2.461000, 2.430000, 3, 324
23467.888889, 2025-11-10T01:48:16.763Z, 42.292348, -71.262567, 58.347000, 2.564000, 2.470000, 3, 324
23523.500000, 2025-11-10T01:48:16.819Z, 42.292349, -71.262565, 58.403000, 2.738000, 2.570000, 3, 324
23579.111111, 2025-11-10T01:48:16.875Z, 42.292351, -71.262564, 58.440000, 2.902000, 2.740000, 3, 324
23634.722222, 2025-11-10T01:48:16.930Z, 42.292352, -71.262563, 58.484000, 2.895000, 2.900000, 3, 324
23690.333333, 2025-11-10T01:48:16.986Z, 42.292353, -71.262562, 58.404000, 2.679000, 2.900000, 3, 324
23745.944444, 2025-11-10T01:48:17.041Z, 42.292353, -71.262561, 58.333000, 2.458000, 2.680000, 3, 324
23801.555556, 2025-11-10T01:48:17.097Z, 42.292354, -71.262559, 58.302000, 2.365000, 2.460000, 3, 324
23857.166667, 2025-11-10T01:48:17.153Z, 42.292354, -71.262558, 58.331000, 2.387000, 2.370000, 3, 324
23912.777778, 2025-11-10T01:48:17.208Z, 42.292355, -71.262556, 58.388000, 2.477000, 2.390000, 3, 324
23968.388889, 2025-11-10T01:48:17.264Z, 42.292356, -71.262555, 58.417000, 2.492000, 2.480000, 3, 324
24024.000000, 2025-11-10T01:48:17.254Z, 42.292357, -71.262554, 58.407000, 2.484000, 2.490000, 3, 324
24076.684211, 2025-11-10T01:48:17.306Z, 42.292357, -71.262553, 58.386000, 2.395000, 2.490000, 3, 324
24129.368421, 2025-11-10T01:48:17.359Z, 42.292358, -71.262552, 58.343000, 2.486000, 2.400000, 3, 324
24182.052632, 2025-11-10T01:48:17.412Z, 42.292359, -71.262550, 58.411000, 2.588000, 2.490000, 3, 324
24234.736842, 2025-11-10T01:48:17.464Z, 42.292361, -71.262549, 58.391000, 2.817000, 2.590000, 3, 324
24287.421053, 2025-11-10T01:48:17.517Z, 42.292362, -71.262547, 58.502000, 2.882000, 2.820000, 3, 324
24340.105263, 2025-11-10T01:48:17.570Z, 42.292363, -71.262546, 58.553000, 2.866000, 2.880000, 3, 324
24392.789474, 2025-11-10T01:48:17.622Z, 42.292364, -71.262545, 58.546000, 2.798000, 2.870000, 3, 324
24445.473684, 2025-11-10T01:48:17.675Z, 42.292364, -71.262544, 58.481000, 2.549000, 2.800000, 3, 324
24498.157895, 2025-11-10T01:48:17.728Z, 42.292365, -71.262543, 58.424000, 2.356000, 2.550000, 3, 324
24550.842105, 2025-11-10T01:48:17.780Z, 42.292365, -71.262541, 58.469000, 2.329000, 2.360000, 3, 324
24603.526316, 2025-11-10T01:48:17.833Z, 42.292366, -71.262540, 58.535000, 2.532000, 2.330000, 3, 324
24656.210526, 2025-11-10T01:48:17.886Z, 42.292367, -71.262539, 58.566000, 2.589000, 2.530000, 3, 324
24708.894737, 2025-11-10T01:48:17.938Z, 42.292368, -71.262537, 58.568000, 2.633000, 2.590000, 3, 324
24761.578947, 2025-11-10T01:48:17.991Z, 42.292369, -71.262536, 58.554000, 2.565000, 2.630000, 3, 324
24814.263158, 2025-11-10T01:48:18.044Z, 42.292370, -71.262535, 58.487000, 2.559000, 2.570000, 3, 324
24866.947368, 2025-11-10T01:48:18.096Z, 42.292371, -71.262534, 58.428000, 2.554000, 2.560000, 3, 324
24919.631579, 2025-11-10T01:48:18.149Z, 42.292372, -71.262532, 58.406000, 2.622000, 2.560000, 3, 324
24972.315789, 2025-11-10T01:48:18.202Z, 42.292373, -71.262531, 58.348000, 2.904000, 2.620000, 3, 324
25025.000000, 2025-11-10T01:48:18.299Z, 42.292374, -71.262529, 58.313000, 2.942000, 2.910000, 3, 324
25083.882353, 2025-11-10T01:48:18.357Z, 42.292375, -71.262528, 58.313000, 2.869000, 2.940000, 3, 324
25142.764706, 2025-11-10T01:48:18.416Z, 42.292376, -71.262527, 58.332000, 2.761000, 2.870000, 3, 324
25201.647059, 2025-11-10T01:48:18.475Z, 42.292376, -71.262525, 58.385000, 2.598000, 2.760000, 3, 324
25260.529412, 2025-11-10T01:48:18.534Z, 42.292377, -71.262524, 58.409000, 2.509000, 2.600000, 3, 324
25319.411765, 2025-11-10T01:48:18.593Z, 42.292377, -71.262522, 58.389000, 2.536000, 2.510000, 3, 324
25378.294118, 2025-11-10T01:48:18.652Z, 42.292378, -71.262521, 58.285000, 2.554000, 2.540000, 3, 324
25437.176471, 2025-11-10T01:48:18.711Z, 42.292379, -71.262520, 58.280000, 2.615000, 2.560000, 3, 324
25496.058824, 2025-11-10T01:48:18.770Z, 42.292381, -71.262519, 58.273000, 2.604000, 2.620000, 3, 324
25554.941176, 2025-11-10T01:48:18.828Z, 42.292381, -71.262518, 58.310000, 2.589000, 2.610000, 3, 324
25613.823529, 2025-11-10T01:48:18.887Z, 42.292382, -71.262516, 58.347000, 2.493000, 2.590000, 3, 324
25672.705882, 2025-11-10T01:48:18.946Z, 42.292383, -71.262515, 58.322000, 2.589000, 2.500000, 3, 324
25731.588235, 2025-11-10T01:48:19.005Z, 42.292384, -71.262513, 58.305000, 2.808000, 2.590000, 3, 324
25790.470588, 2025-11-10T01:48:19.064Z, 42.292385, -71.262511, 58.302000, 3.137000, 2.810000, 3, 324
25849.352941, 2025-11-10T01:48:19.123Z, 42.292386, -71.262509, 58.429000, 3.216000, 3.140000, 3, 324
25908.235294, 2025-11-10T01:48:19.182Z, 42.292387, -71.262508, 58.523000, 3.003000, 3.220000, 3, 324
25967.117647, 2025-11-10T01:48:19.241Z, 42.292387, -71.262507, 58.580000, 2.669000, 3.000000, 3, 324
26026.000000, 2025-11-10T01:48:19.289Z, 42.292388, -71.262506, 58.514000, 2.483000, 2.670000, 3, 318
26081.611111, 2025-11-10T01:48:19.344Z, 42.292389, -71.262505, 58.334000, 2.538000, 2.480000, 3, 318
26137.222222, 2025-11-10T01:48:19.400Z, 42.292390, -71.262503, 58.337000, 2.608000, 2.540000, 3, 318
26192.833333, 2025-11-10T01:48:19.455Z, 42.292390, -71.262502, 58.397000, 2.608000, 2.610000, 3, 318
26248.444444, 2025-11-10T01:48:19.511Z, 42.292391, -71.262501, 58.433000, 2.572000, 2.610000, 3, 318
26304.055556, 2025-11-10T01:48:19.567Z, 42.292393, -71.262500, 58.386000, 2.703000, 2.570000, 3, 318
26359.666667, 2025-11-10T01:48:19.622Z, 42.292394, -71.262498, 58.436000, 2.694000, 2.700000, 3, 318
26415.277778, 2025-11-10T01:48:19.678Z, 42.292394, -71.262497, 58.414000, 2.556000, 2.690000, 3, 318
26470.888889, 2025-11-10T01:48:19.733Z, 42.292395, -71.262496, 58.390000, 2.592000, 2.560000, 3, 318
26526.500000, 2025-11-10T01:48:19.789Z, 42.292396, -71.262494, 58.386000, 2.794000, 2.590000, 3, 318
26582.111111, 2025-11-10T01:48:19.845Z, 42.292398, -71.262493, 58.416000, 2.887000, 2.800000, 3, 318
26637.722222, 2025-11-10T01:48:19.900Z, 42.292399, -71.262492, 58.490000, 2.861000, 2.890000, 3, 318
26693.333333, 2025-11-10T01:48:19.956Z, 42.292400, -71.262491, 58.449000, 2.719000, 2.860000, 3, 318
26748.944444, 2025-11-10T01:48:20.011Z, 42.292401, -71.262490, 58.315000, 2.580000, 2.720000, 3, 318
26804.555556, 2025-11-10T01:48:20.067Z, 42.292401, -71.262489, 58.221000, 2.489000, 2.580000, 3, 318
26860.166667, 2025-11-10T01:48:20.123Z, 42.292402, -71.262487, 58.269000, 2.515000, 2.490000, 3, 318
26915.777778, 2025-11-10T01:48:20.178Z, 42.292403, -71.262486, 58.305000, 2.562000, 2.520000, 3, 318
26971.388889, 2025-11-10T01:48:20.234Z, 42.292404, -71.262484, 58.287000, 2.691000, 2.560000, 3, 318
27027.000000, 2025-11-10T01:48:20.279Z, 42.292405, -71.262483, 58.338000, 2.614000, 2.690000, 3, 318
27079.684211, 2025-11-10T01:48:20.331Z, 42.292405, -71.262482, 58.376000, 2.629000, 2.610000, 3, 318
27132.368421, 2025-11-10T01:48:20.384Z, 42.292406, -71.262480, 58.317000, 2.666000, 2.630000, 3, 318
27185.052632, 2025-11-10T01:48:20.437Z, 42.292407, -71.262479, 58.291000, 2.618000, 2.670000, 3, 318
27237.736842, 2025-11-10T01:48:20.489Z, 42.292408, -71.262478, 58.368000, 2.727000, 2.620000, 3, 318
27290.421053, 2025-11-10T01:48:20.542Z, 42.292409, -71.262476, 58.386000, 2.960000, 2.730000, 3, 318
27343.105263, 2025-11-10T01:48:20.595Z, 42.292410, -71.262474, 58.424000, 3.049000, 2.960000, 3, 318
27395.789474, 2025-11-10T01:48:20.647Z, 42.292411, -71.262473, 58.454000, 2.972000, 3.050000, 3, 318
27448.473684, 2025-11-10T01:48:20.700Z, 42.292412, -71.262472, 58.485000, 2.750000, 2.970000, 3, 318
27501.157895, 2025-11-10T01:48:20.753Z, 42.292412, -71.262470, 58.494000, 2.599000, 2.750000, 3, 318
27553.842105, 2025-11-10T01:48:20.805Z, 42.292413, -71.262469, 58.418000, 2.493000, 2.600000, 3, 318
27606.526316, 2025-11-10T01:48:20.858Z, 42.292414, -71.262467, 58.368000, 2.495000, 2.490000, 3, 318
27659.210526, 2025-11-10T01:48:20.911Z, 42.292415, -71.262466, 58.285000, 2.602000, 2.500000, 3, 318
27711.894737, 2025-11-10T01:48:20.963Z, 42.292416, -71.262465, 58.354000, 2.595000, 2.600000, 3, 318
27764.578947, 2025-11-10T01:48:21.016Z, 42.292416, -71.262463, 58.423000, 2.647000, 2.600000, 3, 318
27817.263158, 2025-11-10T01:48:21.069Z, 42.292417, -71.262462, 58.433000, 2.574000, 2.650000, 3, 318
27869.947368, 2025-11-10T01:48:21.121Z, 42.292418, -71.262461, 58.398000, 2.574000, 2.580000, 3, 318
27922.631579, 2025-11-10T01:48:21.174Z, 42.292419, -71.262459, 58.412000, 2.609000, 2.580000, 3, 318
27975.315789, 2025-11-10T01:48:21.227Z, 42.292421, -71.262458, 58.400000, 2.935000, 2.610000, 3, 318
28028.000000, 2025-11-10T01:48:21.324Z, 42.292422, -71.262456, 58.476000, 3.057000, 2.940000, 3, 324
28083.611111, 2025-11-10T01:48:21.379Z, 42.292422, -71.262455, 58.554000, 2.908000, 3.060000, 3, 324
28139.222222, 2025-11-10T01:48:21.435Z, 42.292423, -71.262454, 58.550000, 2.756000, 2.910000, 3, 324
28194.833333, 2025-11-10T01:48:21.490Z, 42.292424, -71.262452, 58.509000, 2.601000, 2.760000, 3, 324
28250.444444, 2025-11-10T01:48:21.546Z, 42.292425, -71.262451, 58.550000, 2.550000, 2.600000, 3, 324
28306.055556, 2025-11-10T01:48:21.602Z, 42.292426, -71.262449, 58.530000, 2.629000, 2.550000, 3, 324
28361.666667, 2025-11-10T01:48:21.657Z, 42.292426, -71.262447, 58.626000, 2.645000, 2.630000, 3, 324
28417.277778, 2025-11-10T01:48:21.713Z, 42.292426, -71.262446, 58.687000, 2.644000, 2.650000, 3, 324
28472.888889, 2025-11-10T01:48:21.768Z, 42.292427, -71.262445, 58.720000, 2.612000, 2.650000, 3, 324
28528.500000, 2025-11-10T01:48:21.824Z, 42.292428, -71.262444, 58.696000, 2.542000, 2.610000, 3, 324
28584.111111, 2025-11-10T01:48:21.880Z, 42.292429, -71.262442, 58.643000, 2.525000, 2.540000, 3, 324
28639.722222, 2025-11-10T01:48:21.935Z, 42.292430, -71.262441, 58.613000, 2.513000, 2.530000, 3, 324
28695.333333, 2025-11-10T01:48:21.991Z, 42.292431, -71.262440, 58.574000, 2.498000, 2.520000, 3, 324
28750.944444, 2025-11-10T01:48:22.046Z, 42.292432, -71.262439, 58.643000, 2.676000, 2.500000, 3, 324
28806.555556, 2025-11-10T01:48:22.102Z, 42.292433, -71.262437, 58.689000, 2.742000, 2.680000, 3, 324
28862.166667, 2025-11-10T01:48:22.158Z, 42.292434, -71.262436, 58.624000, 2.731000, 2.740000, 3, 324
28917.777778, 2025-11-10T01:48:22.213Z, 42.292435, -71.262435, 58.672000, 2.640000, 2.730000, 3, 324
28973.388889, 2025-11-10T01:48:22.269Z, 42.292436, -71.262434, 58.631000, 2.581000, 2.640000, 3, 324
29029.000000, 2025-11-10T01:48:22.314Z, 42.292436, -71.262433, 58.620000, 2.526000, 2.580000, 3, 318
29084.611111, 2025-11-10T01:48:22.369Z, 42.292437, -71.262431, 58.632000, 2.654000, 2.530000, 3, 318
29140.222222, 2025-11-10T01:48:22.425Z, 42.292438, -71.262430, 58.680000, 2.658000, 2.660000, 3, 318
29195.833333, 2025-11-10T01:48:22.480Z, 42.292439, -71.262429, 58.692000, 2.505000, 2.660000, 3, 318
29251.444444, 2025-11-10T01:48:22.536Z, 42.292440, -71.262428, 58.714000, 2.473000, 2.510000, 3, 318
29307.055556, 2025-11-10T01:48:22.592Z, 42.292441, -71.262427, 58.688000, 2.537000, 2.480000, 3, 318
29362.666667, 2025-11-10T01:48:22.647Z, 42.292442, -71.262426, 58.668000, 2.602000, 2.540000, 3, 318
29418.277778, 2025-11-10T01:48:22.703Z, 42.292443, -71.262424, 58.707000, 2.757000, 2.610000, 3, 318
29473.888889, 2025-11-10T01:48:22.758Z, 42.292444, -71.262423, 58.740000, 2.838000, 2.760000, 3, 318
29529.500000, 2025-11-10T01:48:22.814Z, 42.292445, -71.262422, 58.725000, 2.872000, 2.840000, 3, 318
29585.111111, 2025-11-10T01:48:22.870Z, 42.292446, -71.262421, 58.755000, 2.818000, 2.870000, 3, 318
29640.722222, 2025-11-10T01:48:22.925Z, 42.292447, -71.262420, 58.784000, 2.781000, 2.820000, 3, 318
29696.333333, 2025-11-10T01:48:22.981Z, 42.292448, -71.262419, 58.787000, 2.799000, 2.780000, 3, 318
29751.944444, 2025-11-10T01:48:23.036Z, 42.292448, -71.262418, 58.750000, 2.546000, 2.800000, 3, 318
29807.555556, 2025-11-10T01:48:23.092Z, 42.292449, -71.262418, 58.671000, 2.380000, 2.550000, 3, 318
29863.166667, 2025-11-10T01:48:23.148Z, 42.292450, -71.262416, 58.643000, 2.334000, 2.380000, 3, 318
29918.777778, 2025-11-10T01:48:23.203Z, 42.292450, -71.262415, 58.636000, 2.264000, 2.340000, 3, 318
29974.388889, 2025-11-10T01:48:23.259Z, 42.292451, -71.262414, 58.743000, 2.346000, 2.270000, 3, 318
30030.000000, 2025-11-10T01:48:23.304Z, 42.292452, -71.262412, 58.758000, 2.499000, 2.350000, 3, 318
30082.684211, 2025-11-10T01:48:23.356Z, 42.292453, -71.262411, 58.758000, 2.439000, 2.500000, 3, 318
30135.368421, 2025-11-10T01:48:23.409Z, 42.292454, -71.262410, 58.774000, 2.434000, 2.440000, 3, 318
30188.052632, 2025-11-10T01:48:23.462Z, 42.292454, -71.262409, 58.849000, 2.485000, 2.440000, 3, 318
30240.736842, 2025-11-10T01:48:23.514Z, 42.292455, -71.262407, 58.987000, 2.655000, 2.490000, 3, 318
30293.421053, 2025-11-10T01:48:23.567Z, 42.292456, -71.262406, 59.134000, 2.599000, 2.660000, 3, 318
30346.105263, 2025-11-10T01:48:23.620Z, 42.292457, -71.262405, 59.157000, 2.619000, 2.600000, 3, 318
30398.789474, 2025-11-10T01:48:23.672Z, 42.292458, -71.262405, 59.160000, 2.434000, 2.620000, 3, 318
30451.473684, 2025-11-10T01:48:23.725Z, 42.292458, -71.262404, 59.148000, 2.140000, 2.430000, 3, 318
30504.157895, 2025-11-10T01:48:23.778Z, 42.292458, -71.262403, 59.152000, 2.022000, 2.140000, 3, 318
30556.842105, 2025-11-10T01:48:23.830Z, 42.292458, -71.262402, 59.117000, 1.950000, 2.020000, 3, 318
30609.526316, 2025-11-10T01:48:23.883Z, 42.292459, -71.262401, 59.064000, 2.068000, 1.950000, 3, 318
30662.210526, 2025-11-10T01:48:23.936Z, 42.292460, -71.262400, 59.063000, 2.083000, 2.070000, 3, 318
30714.894737, 2025-11-10T01:48:23.988Z, 42.292461, -71.262400, 59.120000, 2.032000, 2.090000, 3, 318
30767.578947, 2025-11-10T01:48:24.041Z, 42.292462, -71.262399, 59.108000, 2.020000, 2.030000, 3, 318
30820.263158, 2025-11-10T01:48:24.094Z, 42.292463, -71.262398, 59.033000, 1.964000, 2.020000, 3, 318
30872.947368, 2025-11-10T01:48:24.146Z, 42.292464, -71.262397, 58.896000, 2.054000, 1.970000, 3, 318
30925.631579, 2025-11-10T01:48:24.199Z, 42.292465, -71.262397, 58.827000, 1.998000, 2.060000, 3, 318
30978.315789, 2025-11-10T01:48:24.252Z, 42.292466, -71.262396, 58.823000, 2.015000, 2.010000, 3, 318
31031.000000, 2025-11-10T01:48:24.349Z, 42.292467, -71.262395, 58.843000, 1.996000, 2.020000, 3, 323
31086.611111, 2025-11-10T01:48:24.404Z, 42.292467, -71.262394, 58.892000, 1.968000, 2.000000, 3, 323
31142.222222, 2025-11-10T01:48:24.460Z, 42.292467, -71.262393, 58.983000, 1.939000, 1.970000, 3, 323
31197.833333, 2025-11-10T01:48:24.515Z, 42.292467, -71.262392, 59.066000, 1.867000, 1.940000, 3, 323
31253.444444, 2025-11-10T01:48:24.571Z, 42.292467, -71.262390, 59.206000, 1.906000, 1.870000, 3, 323
31309.055556, 2025-11-10T01:48:24.627Z, 42.292468, -71.262389, 59.218000, 1.965000, 1.910000, 3, 323
31364.666667, 2025-11-10T01:48:24.682Z, 42.292469, -71.262388, 59.170000, 1.905000, 1.970000, 3, 323
31420.277778, 2025-11-10T01:48:24.738Z, 42.292469, -71.262387, 59.268000, 2.045000, 1.910000, 3, 323
31475.888889, 2025-11-10T01:48:24.793Z, 42.292470, -71.262386, 59.224000, 1.917000, 2.050000, 3, 323
31531.500000, 2025-11-10T01:48:24.849Z, 42.292470, -71.262385, 59.213000, 1.861000, 1.920000, 3, 323
31587.111111, 2025-11-10T01:48:24.905Z, 42.292471, -71.262384, 59.209000, 1.831000, 1.860000, 3, 323
31642.722222, 2025-11-10T01:48:24.960Z, 42.292471, -71.262383, 59.170000, 1.847000, 1.840000, 3, 323
31698.333333, 2025-11-10T01:48:25.016Z, 42.292472, -71.262382, 59.277000, 1.849000, 1.850000, 3, 323
31753.944444, 2025-11-10T01:48:25.071Z, 42.292472, -71.262381, 59.436000, 1.915000, 1.850000, 3, 323
31809.555556, 2025-11-10T01:48:25.127Z, 42.292473, -71.262379, 59.563000, 1.926000, 1.920000, 3, 323
31865.166667, 2025-11-10T01:48:25.183Z, 42.292474, -71.262378, 59.670000, 2.021000, 1.930000, 3, 323
31920.777778, 2025-11-10T01:48:25.238Z, 42.292474, -71.262377, 59.729000, 2.096000, 2.020000, 3, 323
31976.388889, 2025-11-10T01:48:25.294Z, 42.292476, -71.262377, 59.571000, 2.053000, 2.100000, 3, 323
32032.000000, 2025-11-10T01:48:25.284Z, 42.292476, -71.262376, 59.587000, 1.903000, 2.050000, 3, 323
32090.882353, 2025-11-10T01:48:25.342Z, 42.292476, -71.262375, 59.639000, 1.879000, 1.900000, 3, 323
32149.764706, 2025-11-10T01:48:25.401Z, 42.292477, -71.262375, 59.633000, 1.822000, 1.880000, 3, 323
32208.647059, 2025-11-10T01:48:25.460Z, 42.292477, -71.262374, 59.683000, 1.793000, 1.820000, 3, 323
32267.529412, 2025-11-10T01:48:25.519Z, 42.292478, -71.262373, 59.668000, 1.760000, 1.790000, 3, 323
32326.411765, 2025-11-10T01:48:25.578Z, 42.292479, -71.262372, 59.664000, 1.794000, 1.760000, 3, 323
32385.294118, 2025-11-10T01:48:25.637Z, 42.292479, -71.262371, 59.682000, 1.760000, 1.790000, 3, 323
32444.176471, 2025-11-10T01:48:25.696Z, 42.292480, -71.262371, 59.614000, 1.768000, 1.760000, 3, 323
32503.058824, 2025-11-10T01:48:25.755Z, 42.292481, -71.262370, 59.540000, 1.648000, 1.770000, 3, 323
32561.941176, 2025-11-10T01:48:25.813Z, 42.292481, -71.262369, 59.630000, 1.576000, 1.650000, 3, 323
32620.823529, 2025-11-10T01:48:25.872Z, 42.292481, -71.262369, 59.713000, 1.445000, 1.580000, 3, 323
32679.705882, 2025-11-10T01:48:25.931Z, 42.292481, -71.262368, 59.678000, 1.345000, 1.450000, 3, 323
32738.588235, 2025-11-10T01:48:25.990Z, 42.292481, -71.262368, 59.720000, 1.341000, 1.350000, 3, 323
32797.470588, 2025-11-10T01:48:26.049Z, 42.292482, -71.262367, 59.758000, 1.339000, 1.340000, 3, 323
32856.352941, 2025-11-10T01:48:26.108Z, 42.292482, -71.262366, 59.731000, 1.270000, 1.340000, 3, 323
32915.235294, 2025-11-10T01:48:26.167Z, 42.292483, -71.262366, 59.677000, 1.297000, 1.270000, 3, 323
32974.117647, 2025-11-10T01:48:26.226Z, 42.292483, -71.262365, 59.681000, 1.299000, 1.300000, 3, 323
33033.000000, 2025-11-10T01:48:26.274Z, 42.292484, -71.262365, 59.689000, 1.366000, 1.300000, 3, 323
33078.812500, 2025-11-10T01:48:26.319Z, 42.292484, -71.262364, 59.707000, 1.367000, 1.370000, 3, 323
33124.625000, 2025-11-10T01:48:26.365Z, 42.292484, -71.262363, 59.647000, 1.331000, 1.370000, 3, 323
33170.437500, 2025-11-10T01:48:26.411Z, 42.292485, -71.262362, 59.617000, 1.475000, 1.330000, 3, 323
33216.250000, 2025-11-10T01:48:26.457Z, 42.292486, -71.262362, 59.635000, 1.381000, 1.480000, 3, 323
33262.062500, 2025-11-10T01:48:26.503Z, 42.292486, -71.262361, 59.667000, 1.475000, 1.380000, 3, 323
33307.875000, 2025-11-10T01:48:26.548Z, 42.292487, -71.262360, 59.648000, 1.383000, 1.480000, 3, 323
33353.687500, 2025-11-10T01:48:26.594Z, 42.292487, -71.262360, 59.557000, 1.405000, 1.380000, 3, 323
33399.500000, 2025-11-10T01:48:26.640Z, 42.292488, -71.262359, 59.574000, 1.420000, 1.410000, 3, 323
33445.312500, 2025-11-10T01:48:26.686Z, 42.292489, -71.262359, 59.477000, 1.369000, 1.420000, 3, 323
33491.125000, 2025-11-10T01:48:26.732Z, 42.292490, -71.262358, 59.432000, 1.478000, 1.370000, 3, 323
33536.937500, 2025-11-10T01:48:26.777Z, 42.292490, -71.262357, 59.380000, 1.501000, 1.480000, 3, 323
33582.750000, 2025-11-10T01:48:26.823Z, 42.292491, -71.262356, 59.279000, 1.322000, 1.500000, 3, 323
33628.562500, 2025-11-10T01:48:26.869Z, 42.292491, -71.262355, 59.372000, 1.380000, 1.320000, 3, 323
33674.375000, 2025-11-10T01:48:26.915Z, 42.292492, -71.262355, 59.284000, 1.298000, 1.380000, 3, 323
33720.187500, 2025-11-10T01:48:26.961Z, 42.292492, -71.262354, 59.280000, 1.344000, 1.300000, 3, 323
